feature,importance
signup_date_2025-01-15 00:00:00+00:00,-2.4678293015739747
signup_date_2025-10-11 00:00:00+00:00,-2.464992695186748
signup_date_2025-01-01 00:00:00+00:00,-2.3075104849497117
signup_date_2025-09-13 00:00:00+00:00,-2.3010975006563785
signup_date_2025-08-07 00:00:00+00:00,-2.282641720179548
signup_date_2025-03-15 00:00:00+00:00,-2.2677120303792524
signup_date_2025-06-02 00:00:00+00:00,-2.267405266434956
signup_date_2025-01-10 00:00:00+00:00,-2.2652799395253775
signup_date_2025-09-28 00:00:00+00:00,-2.254118379864584
signup_date_2025-10-07 00:00:00+00:00,-2.231636550590045
signup_date_2025-10-20 00:00:00+00:00,-2.201030231005469
signup_date_2025-10-18 00:00:00+00:00,-2.1536516788999616
signup_date_2025-06-15 00:00:00+00:00,-2.1139418757013857
signup_date_2025-09-22 00:00:00+00:00,-2.1094183151562214
signup_date_2025-06-20 00:00:00+00:00,-2.1056828127347993
signup_date_2025-04-26 00:00:00+00:00,-2.0911456994286652
signup_date_2025-07-16 00:00:00+00:00,-2.087661996688225
signup_date_2025-08-02 00:00:00+00:00,-2.062777984483418
signup_date_2025-10-16 00:00:00+00:00,-2.060712378728869
signup_date_2025-10-19 00:00:00+00:00,-2.047166624384778
signup_date_2025-02-13 00:00:00+00:00,-2.036452769289696
signup_date_2025-09-07 00:00:00+00:00,-2.0118038229170283
signup_date_2025-06-12 00:00:00+00:00,-1.9893874262584264
signup_date_2025-03-06 00:00:00+00:00,-1.9732786018491075
signup_date_2025-10-05 00:00:00+00:00,-1.9566869521933234
signup_date_2025-02-21 00:00:00+00:00,-1.9507263725227366
signup_date_2025-06-08 00:00:00+00:00,-1.9470567900216627
signup_date_2025-09-21 00:00:00+00:00,-1.946544190130928
signup_date_2025-01-02 00:00:00+00:00,-1.942287418151559
signup_date_2025-10-14 00:00:00+00:00,-1.9304942131389549
signup_date_2024-12-26 00:00:00+00:00,-1.922710298044605
signup_date_2025-09-14 00:00:00+00:00,-1.9215176692291325
signup_date_2025-10-06 00:00:00+00:00,-1.9129401050385653
signup_date_2025-07-18 00:00:00+00:00,-1.9075435956288596
signup_date_2025-05-08 00:00:00+00:00,-1.885788709167122
signup_date_2025-01-18 00:00:00+00:00,-1.8808741455668885
signup_date_2025-04-28 00:00:00+00:00,-1.8736072035701776
signup_date_2025-04-30 00:00:00+00:00,-1.872079647337213
signup_date_2025-10-10 00:00:00+00:00,-1.8659889389275839
signup_date_2025-09-30 00:00:00+00:00,-1.8654033313808396
signup_date_2025-10-15 00:00:00+00:00,-1.8635593392612564
signup_date_2025-01-23 00:00:00+00:00,-1.863229664364943
signup_date_2025-10-02 00:00:00+00:00,-1.8548283835097281
signup_date_2025-08-13 00:00:00+00:00,-1.8516030395891212
signup_date_2025-02-20 00:00:00+00:00,-1.8383526484393344
signup_date_2024-01-10 00:00:00+00:00,1.8361011847076099
signup_date_2025-01-12 00:00:00+00:00,-1.8326986469397017
signup_date_2025-04-08 00:00:00+00:00,-1.8238392106212353
signup_date_2025-02-16 00:00:00+00:00,-1.8133688467765072
signup_date_2025-02-26 00:00:00+00:00,-1.812935584016615
signup_date_2025-01-16 00:00:00+00:00,-1.8119913248084523
signup_date_2025-03-24 00:00:00+00:00,-1.8077490863228396
signup_date_2025-06-09 00:00:00+00:00,-1.7961190839741088
signup_date_2025-09-29 00:00:00+00:00,-1.7884874340721426
signup_date_2025-09-16 00:00:00+00:00,-1.7867865894340134
signup_date_2024-12-27 00:00:00+00:00,-1.7777067368830564
signup_date_2024-12-17 00:00:00+00:00,-1.7724108008558426
signup_date_2025-07-07 00:00:00+00:00,-1.7685268716641165
signup_date_2025-09-25 00:00:00+00:00,-1.7663091214307467
signup_date_2024-01-17 00:00:00+00:00,1.7600817956690915
signup_date_2025-02-24 00:00:00+00:00,-1.751998204269521
signup_date_2025-02-23 00:00:00+00:00,-1.7489306502949569
signup_date_2025-09-10 00:00:00+00:00,-1.7418540116986625
signup_date_2025-02-15 00:00:00+00:00,-1.7371079898747057
signup_date_2025-10-12 00:00:00+00:00,-1.7339042465668926
signup_date_2025-10-17 00:00:00+00:00,-1.7308911061092767
signup_date_2024-01-13 00:00:00+00:00,1.7218571854204145
signup_date_2025-09-08 00:00:00+00:00,-1.7182777200096262
signup_date_2024-03-27 00:00:00+00:00,1.71597491991053
signup_date_2025-03-12 00:00:00+00:00,-1.7153648328149564
signup_date_2024-01-06 00:00:00+00:00,1.7103148409607276
signup_date_2025-04-09 00:00:00+00:00,-1.709225887776488
signup_date_2025-05-05 00:00:00+00:00,-1.7077417745870709
signup_date_2025-08-31 00:00:00+00:00,-1.70566348927068
signup_date_2024-01-18 00:00:00+00:00,1.6993049360021797
signup_date_2024-01-12 00:00:00+00:00,1.6965924629651015
signup_date_2024-01-08 00:00:00+00:00,1.691633219530635
signup_date_2025-02-17 00:00:00+00:00,-1.6908757456730503
signup_date_2025-09-23 00:00:00+00:00,-1.6829103547836621
signup_date_2025-09-04 00:00:00+00:00,-1.6820373165044178
signup_date_2025-03-18 00:00:00+00:00,-1.6806924761360234
signup_date_2025-07-15 00:00:00+00:00,-1.6792307153132835
signup_date_2024-01-21 00:00:00+00:00,1.6678543536694297
signup_date_2025-05-03 00:00:00+00:00,-1.666602395319956
signup_date_2024-02-08 00:00:00+00:00,1.663330265282836
signup_date_2024-02-21 00:00:00+00:00,1.6529579547770392
signup_date_2025-04-21 00:00:00+00:00,-1.6505303032253262
signup_date_2024-02-27 00:00:00+00:00,1.6501120400355906
signup_date_2025-10-13 00:00:00+00:00,-1.6483147911813454
signup_date_2025-02-05 00:00:00+00:00,-1.6482361077850165
signup_date_2025-09-26 00:00:00+00:00,-1.6474791955162782
signup_date_2025-07-24 00:00:00+00:00,-1.6468651069319349
signup_date_2024-01-03 00:00:00+00:00,1.6462453518389688
signup_date_2025-05-22 00:00:00+00:00,-1.6398637931232865
signup_date_2025-04-11 00:00:00+00:00,-1.6381270733200188
signup_date_2025-01-06 00:00:00+00:00,-1.6335097309096942
signup_date_2025-04-14 00:00:00+00:00,-1.6325683916538856
signup_date_2024-02-04 00:00:00+00:00,1.6264353248417425
signup_date_2025-02-22 00:00:00+00:00,-1.625891356355882
signup_date_2025-05-11 00:00:00+00:00,-1.6240557535383835
signup_date_2025-09-19 00:00:00+00:00,-1.6144346529779754
signup_date_2025-07-22 00:00:00+00:00,-1.613258070998307
signup_date_2025-04-25 00:00:00+00:00,-1.6128344868811848
signup_date_2025-08-09 00:00:00+00:00,-1.6060847519371848
signup_date_2024-01-27 00:00:00+00:00,1.6057786429546534
signup_date_2024-02-20 00:00:00+00:00,1.6003704372764893
signup_date_2025-01-20 00:00:00+00:00,-1.5973487403118163
signup_date_2024-02-18 00:00:00+00:00,1.5905371243792112
signup_date_2024-01-30 00:00:00+00:00,1.5852576686176594
signup_date_2025-10-04 00:00:00+00:00,-1.5816591201312962
signup_date_2024-03-17 00:00:00+00:00,1.5750610724394403
signup_date_2025-09-12 00:00:00+00:00,-1.5748696746463358
signup_date_2025-09-11 00:00:00+00:00,-1.5725269328476374
signup_date_2024-02-01 00:00:00+00:00,1.5701074266245336
signup_date_2025-10-01 00:00:00+00:00,-1.5684751590705066
signup_date_2025-03-20 00:00:00+00:00,-1.5677275656653211
signup_date_2025-08-04 00:00:00+00:00,-1.5666336651881891
signup_date_2025-02-28 00:00:00+00:00,-1.565719278743766
signup_date_2024-01-14 00:00:00+00:00,1.565352237089807
signup_date_2024-02-17 00:00:00+00:00,1.5609736171504283
signup_date_2025-01-21 00:00:00+00:00,-1.5580978653379365
signup_date_2025-01-25 00:00:00+00:00,-1.5560400308472024
signup_date_2025-06-11 00:00:00+00:00,-1.5484449140441685
signup_date_2024-04-25 00:00:00+00:00,1.5449450986598237
signup_date_2025-08-23 00:00:00+00:00,-1.5411901630412002
signup_date_2025-09-02 00:00:00+00:00,-1.5408777825072035
signup_date_2025-08-22 00:00:00+00:00,-1.5403776152507278
signup_date_2025-06-17 00:00:00+00:00,-1.5402259531365952
signup_date_2025-02-25 00:00:00+00:00,-1.5348756856872265
signup_date_2025-02-03 00:00:00+00:00,-1.528866931817963
signup_date_2025-04-10 00:00:00+00:00,-1.5228999237261795
signup_date_2024-03-12 00:00:00+00:00,1.519028890352664
signup_date_2024-01-22 00:00:00+00:00,1.5134575841995441
signup_date_2025-06-29 00:00:00+00:00,-1.5072822387493314
signup_date_2025-05-13 00:00:00+00:00,-1.5064918532613962
signup_date_2024-01-15 00:00:00+00:00,1.5050195908840418
signup_date_2024-02-02 00:00:00+00:00,1.497556020197654
signup_date_2024-03-02 00:00:00+00:00,1.4924692323514823
signup_date_2024-04-24 00:00:00+00:00,1.4753147138974516
signup_date_2025-03-14 00:00:00+00:00,-1.472462592563892
signup_date_2024-01-31 00:00:00+00:00,1.4712635990392688
signup_date_2024-01-19 00:00:00+00:00,1.469046071609778
signup_date_2024-02-19 00:00:00+00:00,1.4690235204098177
signup_date_2025-06-16 00:00:00+00:00,-1.4689956016331185
signup_date_2024-01-09 00:00:00+00:00,1.4629676112293664
signup_date_2024-01-11 00:00:00+00:00,1.4592607737500227
signup_date_2024-01-16 00:00:00+00:00,1.4581002354896428
signup_date_2024-04-01 00:00:00+00:00,1.452420047706452
signup_date_2024-05-19 00:00:00+00:00,1.451330416521717
signup_date_2024-03-22 00:00:00+00:00,1.449402096693776
signup_date_2025-06-30 00:00:00+00:00,-1.447494223690896
signup_date_2025-03-19 00:00:00+00:00,-1.4450041995412737
signup_date_2025-07-30 00:00:00+00:00,-1.4447571868074176
signup_date_2024-05-18 00:00:00+00:00,1.4409567763623121
signup_date_2025-03-31 00:00:00+00:00,-1.4380416120829072
signup_date_2024-01-25 00:00:00+00:00,1.4373652731259563
signup_date_2024-01-24 00:00:00+00:00,1.4326061969595894
signup_date_2025-04-29 00:00:00+00:00,-1.4312202514673897
signup_date_2025-07-14 00:00:00+00:00,-1.4311339430471248
signup_date_2024-03-08 00:00:00+00:00,1.4305649653923693
signup_date_2025-01-29 00:00:00+00:00,-1.4284204937054836
signup_date_2025-02-08 00:00:00+00:00,-1.4277019379335028
signup_date_2024-02-26 00:00:00+00:00,1.4267900475633764
signup_date_2025-10-21 00:00:00+00:00,-1.425289364383712
signup_date_2024-03-28 00:00:00+00:00,1.4204543289489377
signup_date_2025-08-20 00:00:00+00:00,-1.4197881466031732
signup_date_2024-05-31 00:00:00+00:00,1.4197736346589591
signup_date_2024-02-22 00:00:00+00:00,1.4197303368478338
signup_date_2024-02-25 00:00:00+00:00,1.4193987734264908
signup_date_2024-01-07 00:00:00+00:00,1.4164875225994435
signup_date_2025-06-14 00:00:00+00:00,-1.4156281720644726
signup_date_2024-03-13 00:00:00+00:00,1.4137594431570846
signup_date_2025-06-10 00:00:00+00:00,-1.4131647787605583
signup_date_2025-03-21 00:00:00+00:00,-1.4104289196552382
signup_date_2025-08-25 00:00:00+00:00,-1.4100561421528943
signup_date_2025-09-20 00:00:00+00:00,-1.4076735660453412
signup_date_2024-01-29 00:00:00+00:00,1.4060380053818953
signup_date_2025-01-08 00:00:00+00:00,-1.4003712946207776
signup_date_2024-04-11 00:00:00+00:00,1.3981697603390342
signup_date_2025-07-26 00:00:00+00:00,-1.3974445047385335
signup_date_2025-09-27 00:00:00+00:00,-1.3875503292628257
signup_date_2024-01-05 00:00:00+00:00,1.3865148071932216
signup_date_2024-03-24 00:00:00+00:00,1.3851202653646295
signup_date_2024-02-05 00:00:00+00:00,1.385041992338764
signup_date_2024-01-23 00:00:00+00:00,1.3832462111788568
signup_date_2025-04-16 00:00:00+00:00,-1.3812209227853878
signup_date_2024-01-26 00:00:00+00:00,1.3805749142330623
signup_date_2024-02-29 00:00:00+00:00,1.375997836200249
signup_date_2024-06-07 00:00:00+00:00,1.3737474206303903
signup_date_2024-01-04 00:00:00+00:00,1.3717703167838884
signup_date_2024-02-07 00:00:00+00:00,1.369250689579402
signup_date_2025-04-20 00:00:00+00:00,-1.3680493187463418
signup_date_2025-10-08 00:00:00+00:00,-1.366654867997782
signup_date_2024-02-10 00:00:00+00:00,1.366549032865938
signup_date_2024-01-20 00:00:00+00:00,1.3664507278905065
signup_date_2024-05-08 00:00:00+00:00,1.364042245006148
signup_date_2024-04-17 00:00:00+00:00,1.3634456646229354
signup_date_2024-03-31 00:00:00+00:00,1.3624027289259355
signup_date_2024-04-08 00:00:00+00:00,1.3612956455798562
signup_date_2025-01-17 00:00:00+00:00,-1.3607990280792521
signup_date_2025-01-24 00:00:00+00:00,-1.3600716377371287
signup_date_2024-04-19 00:00:00+00:00,1.356596668405851
signup_date_2025-07-04 00:00:00+00:00,-1.352237172969468
signup_date_2024-03-25 00:00:00+00:00,1.3486882035857437
signup_date_2025-07-05 00:00:00+00:00,-1.3471805981589458
signup_date_2024-05-07 00:00:00+00:00,1.347098404503182
signup_date_2025-04-24 00:00:00+00:00,-1.3468001171930737
signup_date_2024-01-02 00:00:00+00:00,1.3464706948815193
signup_date_2024-05-20 00:00:00+00:00,1.345654917994952
signup_date_2024-02-11 00:00:00+00:00,1.3400685361264615
signup_date_2024-02-28 00:00:00+00:00,1.3369302738490587
signup_date_2024-02-23 00:00:00+00:00,1.3365385236534777
signup_date_2025-03-16 00:00:00+00:00,-1.336044837439146
signup_date_2024-03-26 00:00:00+00:00,1.334942213922957
signup_date_2024-02-12 00:00:00+00:00,1.3268353905366568
signup_date_2024-12-18 00:00:00+00:00,-1.323696534501888
signup_date_2025-09-05 00:00:00+00:00,-1.322537439254203
signup_date_2025-01-11 00:00:00+00:00,-1.3216525088309685
signup_date_2024-02-16 00:00:00+00:00,1.3194030653580948
signup_date_2024-01-28 00:00:00+00:00,1.31687059471983
signup_date_2024-02-09 00:00:00+00:00,1.311138158210703
signup_date_2025-10-09 00:00:00+00:00,-1.3082082494958174
signup_date_2025-08-29 00:00:00+00:00,-1.3065494138802094
signup_date_2024-04-23 00:00:00+00:00,1.305990873896819
signup_date_2025-07-31 00:00:00+00:00,-1.3042937673731256
signup_date_2025-07-27 00:00:00+00:00,-1.3036870273490941
signup_date_2024-04-18 00:00:00+00:00,1.3026850037905728
signup_date_2025-06-13 00:00:00+00:00,-1.2985356856712766
signup_date_2025-03-26 00:00:00+00:00,-1.2974254873497564
signup_date_2024-04-13 00:00:00+00:00,1.2970250195943824
signup_date_2024-02-06 00:00:00+00:00,1.2959527525932681
signup_date_2024-05-03 00:00:00+00:00,1.2951606420398645
signup_date_2024-03-20 00:00:00+00:00,1.292699327097667
signup_date_2024-06-23 00:00:00+00:00,1.292312029953809
signup_date_2025-07-12 00:00:00+00:00,-1.2901011525959498
signup_date_2025-04-07 00:00:00+00:00,-1.2896882774766103
signup_date_2024-02-03 00:00:00+00:00,1.2889027104059168
signup_date_2025-08-14 00:00:00+00:00,-1.2813078469107744
signup_date_2025-06-25 00:00:00+00:00,-1.2809838771505446
signup_date_2024-05-30 00:00:00+00:00,1.2806883312941604
signup_date_2024-03-11 00:00:00+00:00,1.26951352869852
signup_date_2025-08-11 00:00:00+00:00,-1.268768072729461
signup_date_2024-03-09 00:00:00+00:00,1.2686783403027422
signup_date_2024-05-04 00:00:00+00:00,1.2684444045977439
signup_date_2024-03-23 00:00:00+00:00,1.2640359463916138
signup_date_2024-03-06 00:00:00+00:00,1.2594388779202963
signup_date_2024-05-17 00:00:00+00:00,1.256626552985185
signup_date_2024-03-10 00:00:00+00:00,1.2536355424629269
signup_date_2024-02-24 00:00:00+00:00,1.2534236160463994
signup_date_2025-09-15 00:00:00+00:00,-1.253405007907696
signup_date_2025-02-19 00:00:00+00:00,-1.25328243893682
signup_date_2024-05-02 00:00:00+00:00,1.252665335907608
signup_date_2025-07-10 00:00:00+00:00,-1.2495902981396403
signup_date_2025-10-03 00:00:00+00:00,-1.245729553535174
signup_date_2024-09-15 00:00:00+00:00,1.243736759440454
signup_date_2024-02-14 00:00:00+00:00,1.2424027814766343
signup_date_2024-04-06 00:00:00+00:00,1.2417952756593618
signup_date_2024-07-17 00:00:00+00:00,1.2391398160460159
signup_date_2025-08-24 00:00:00+00:00,-1.2346288183326262
signup_date_2024-04-27 00:00:00+00:00,1.2288401746726088
signup_date_2024-05-28 00:00:00+00:00,1.2263187107543283
signup_date_2024-04-28 00:00:00+00:00,1.220783399057636
signup_date_2024-03-18 00:00:00+00:00,1.219226967848795
signup_date_2024-02-15 00:00:00+00:00,1.21536656699297
signup_date_2025-09-18 00:00:00+00:00,-1.2139815700542937
signup_date_2024-06-14 00:00:00+00:00,1.213947592257199
signup_date_2024-06-08 00:00:00+00:00,1.213757816500443
signup_date_2024-07-08 00:00:00+00:00,1.213308814832946
signup_date_2024-03-04 00:00:00+00:00,1.2105016171314165
signup_date_2024-12-06 00:00:00+00:00,-1.2086837233094403
signup_date_2024-03-21 00:00:00+00:00,1.2083179099255692
signup_date_2024-05-14 00:00:00+00:00,1.20643010591832
signup_date_2024-09-12 00:00:00+00:00,1.205127590048076
signup_date_2024-08-05 00:00:00+00:00,1.2015253675178266
signup_date_2024-07-14 00:00:00+00:00,1.2006110838406825
signup_date_2024-05-24 00:00:00+00:00,1.1969888635732449
signup_date_2025-03-30 00:00:00+00:00,-1.1954884884118901
signup_date_2025-07-19 00:00:00+00:00,-1.194045320451604
signup_date_2024-05-26 00:00:00+00:00,1.1938571355816832
signup_date_2024-06-20 00:00:00+00:00,1.1932527087450748
signup_date_2024-06-28 00:00:00+00:00,1.189907629686379
signup_date_2024-03-15 00:00:00+00:00,1.1878317463395238
signup_date_2024-07-06 00:00:00+00:00,1.1860541832288638
signup_date_2024-07-05 00:00:00+00:00,1.1750890920636876
signup_date_2024-04-07 00:00:00+00:00,1.1723416348646933
signup_date_2024-06-09 00:00:00+00:00,1.171143918864276
signup_date_2024-04-16 00:00:00+00:00,1.171067753761108
signup_date_2025-03-11 00:00:00+00:00,-1.16853004807879
signup_date_2024-06-25 00:00:00+00:00,1.1683563779165718
signup_date_2024-12-14 00:00:00+00:00,-1.166544114878027
signup_date_2025-04-23 00:00:00+00:00,-1.1564867301276744
signup_date_2024-04-09 00:00:00+00:00,1.1536960922103783
signup_date_2024-06-13 00:00:00+00:00,1.152626960971527
signup_date_2025-06-28 00:00:00+00:00,-1.1515743640608336
signup_date_2024-02-13 00:00:00+00:00,1.1506232867905875
signup_date_2024-12-11 00:00:00+00:00,-1.147179959191573
signup_date_2024-09-06 00:00:00+00:00,1.1447162998076117
signup_date_2024-04-22 00:00:00+00:00,1.14304890418072
signup_date_2025-01-22 00:00:00+00:00,-1.1401681369927186
signup_date_2024-07-31 00:00:00+00:00,1.1401227738555362
signup_date_2024-03-14 00:00:00+00:00,1.140115436251308
signup_date_2025-02-01 00:00:00+00:00,-1.1391415859412566
signup_date_2024-05-16 00:00:00+00:00,1.1353820993066597
signup_date_2025-01-13 00:00:00+00:00,-1.1256878901714062
signup_date_2024-08-09 00:00:00+00:00,1.125080832416673
signup_date_2024-09-08 00:00:00+00:00,1.1234810848358114
signup_date_2025-01-09 00:00:00+00:00,-1.123191810692773
signup_date_2024-05-05 00:00:00+00:00,1.1192685783531264
signup_date_2024-04-26 00:00:00+00:00,1.1156659693455808
signup_date_2024-03-30 00:00:00+00:00,1.115512554244794
signup_date_2024-04-10 00:00:00+00:00,1.1090123454569516
signup_date_2024-04-12 00:00:00+00:00,1.1088725383499307
signup_date_2025-07-11 00:00:00+00:00,-1.102849566136363
signup_date_2024-03-01 00:00:00+00:00,1.1016287821820088
signup_date_2025-08-30 00:00:00+00:00,-1.1014214034613934
signup_date_2024-07-16 00:00:00+00:00,1.0974107543147695
signup_date_2024-12-05 00:00:00+00:00,-1.0934297358797391
signup_date_2024-07-07 00:00:00+00:00,1.0926396076691578
signup_date_2024-05-10 00:00:00+00:00,1.0906640465719573
signup_date_2024-06-27 00:00:00+00:00,1.089499605622244
signup_date_2025-03-22 00:00:00+00:00,-1.0841183016789488
signup_date_2025-04-02 00:00:00+00:00,-1.079557477775159
signup_date_2024-06-11 00:00:00+00:00,1.0784755064059302
signup_date_2024-06-15 00:00:00+00:00,1.0774432964802403
signup_date_2024-04-04 00:00:00+00:00,1.0748170673130957
signup_date_2024-10-16 00:00:00+00:00,1.0739940356742486
signup_date_2024-05-13 00:00:00+00:00,1.0733541194063707
signup_date_2025-05-25 00:00:00+00:00,-1.0667821881909514
signup_date_2024-03-05 00:00:00+00:00,1.0650574415539389
signup_date_2025-09-24 00:00:00+00:00,-1.0631406271966641
signup_date_2024-04-20 00:00:00+00:00,1.0626613641285876
signup_date_2024-04-21 00:00:00+00:00,1.0617200580430346
signup_date_2025-08-28 00:00:00+00:00,-1.0593865811723022
signup_date_2024-06-06 00:00:00+00:00,1.0571637219156107
signup_date_2025-07-06 00:00:00+00:00,-1.054600229091894
signup_date_2024-12-20 00:00:00+00:00,-1.0541444793235912
signup_date_2025-03-23 00:00:00+00:00,-1.0533919551625466
signup_date_2025-01-28 00:00:00+00:00,-1.0533524919598851
signup_date_2024-08-16 00:00:00+00:00,1.052761672800168
signup_date_2024-08-26 00:00:00+00:00,1.0511831426056322
signup_date_2024-05-15 00:00:00+00:00,1.0464372281415335
signup_date_2025-01-03 00:00:00+00:00,-1.0422237627742776
signup_date_2024-07-15 00:00:00+00:00,1.042146968269915
signup_date_2025-06-24 00:00:00+00:00,-1.0419181154422976
signup_date_2024-08-19 00:00:00+00:00,1.040718025942773
signup_date_2024-05-09 00:00:00+00:00,1.039001894021726
signup_date_2025-03-01 00:00:00+00:00,-1.036719259457453
signup_date_2024-07-23 00:00:00+00:00,1.034870688138112
signup_date_2025-07-25 00:00:00+00:00,-1.034821816051912
signup_date_2025-05-29 00:00:00+00:00,-1.0338718629867947
signup_date_2024-10-24 00:00:00+00:00,1.0337811654489235
signup_date_2024-08-28 00:00:00+00:00,1.0304069848135167
signup_date_2024-03-03 00:00:00+00:00,1.0271804241649065
signup_date_2025-03-08 00:00:00+00:00,-1.0261645781804372
signup_date_2024-12-21 00:00:00+00:00,-1.0204506681674366
signup_date_2025-05-21 00:00:00+00:00,-1.0143082040469131
signup_date_2024-10-04 00:00:00+00:00,1.0096672782982765
signup_date_2024-09-10 00:00:00+00:00,1.0079152517211156
signup_date_2025-05-28 00:00:00+00:00,-1.0071718225361477
signup_date_2024-07-01 00:00:00+00:00,1.0028379811077779
signup_date_2024-04-03 00:00:00+00:00,0.9968550337121529
signup_date_2025-04-19 00:00:00+00:00,-0.9951396394891175
signup_date_2024-05-29 00:00:00+00:00,0.9951284803224683
signup_date_2025-04-15 00:00:00+00:00,-0.9945272102934336
signup_date_2024-09-24 00:00:00+00:00,0.99122415118617
signup_date_2024-04-14 00:00:00+00:00,0.9906925213976817
signup_date_2024-07-22 00:00:00+00:00,0.9881169668583156
signup_date_2024-07-26 00:00:00+00:00,0.9876941356441475
signup_date_2024-05-22 00:00:00+00:00,0.9846936940010824
signup_date_2024-12-31 00:00:00+00:00,-0.9824916664319895
signup_date_2024-04-02 00:00:00+00:00,0.9805962261169694
signup_date_2024-04-29 00:00:00+00:00,0.9792097047574997
signup_date_2025-01-14 00:00:00+00:00,-0.9773614500984237
signup_date_2025-04-22 00:00:00+00:00,-0.9769515431869301
signup_date_2024-08-07 00:00:00+00:00,0.9711260056836325
signup_date_2024-09-16 00:00:00+00:00,0.9704926851888481
signup_date_2024-03-29 00:00:00+00:00,0.9694939173434127
signup_date_2024-07-24 00:00:00+00:00,0.9681640569382819
signup_date_2025-08-16 00:00:00+00:00,-0.9644494183130521
signup_date_2024-03-19 00:00:00+00:00,0.9628199636102488
signup_date_2024-05-01 00:00:00+00:00,0.9614142124485426
signup_date_2025-07-02 00:00:00+00:00,-0.958307697578192
signup_date_2025-04-06 00:00:00+00:00,-0.9578042779125553
signup_date_2024-08-12 00:00:00+00:00,0.9571908691649431
signup_date_2024-07-03 00:00:00+00:00,0.9556862096791576
signup_date_2024-03-07 00:00:00+00:00,0.9554382306014041
signup_date_2024-08-08 00:00:00+00:00,0.9479994610394066
signup_date_2025-04-05 00:00:00+00:00,-0.9475732467189794
signup_date_2024-10-06 00:00:00+00:00,0.946289567853676
signup_date_2025-08-27 00:00:00+00:00,-0.9388296125744702
signup_date_2025-01-04 00:00:00+00:00,-0.9383055715699563
signup_date_2024-05-12 00:00:00+00:00,0.9382266786252067
signup_date_2024-08-18 00:00:00+00:00,0.9359467947808325
signup_date_2024-06-21 00:00:00+00:00,0.9340831941579762
signup_date_2025-07-08 00:00:00+00:00,-0.9311257862071242
signup_date_2024-10-05 00:00:00+00:00,0.9298800268321505
signup_date_2024-05-06 00:00:00+00:00,0.9291101059301909
signup_date_2025-05-24 00:00:00+00:00,-0.9288207098607082
signup_date_2024-05-27 00:00:00+00:00,0.9285006130757305
signup_date_2024-06-29 00:00:00+00:00,0.9279778331738154
signup_date_2024-09-30 00:00:00+00:00,0.9204453668955922
signup_date_2024-06-01 00:00:00+00:00,0.9190187019778449
signup_date_2024-08-14 00:00:00+00:00,0.9188541509921592
signup_date_2025-06-26 00:00:00+00:00,-0.9166392047473504
signup_date_2024-06-12 00:00:00+00:00,0.9158727103179148
signup_date_2024-12-09 00:00:00+00:00,-0.9150721773445292
signup_date_2025-04-17 00:00:00+00:00,-0.9141795122883339
signup_date_2024-05-21 00:00:00+00:00,0.9133670474294527
signup_date_2025-03-04 00:00:00+00:00,-0.9048430927994943
signup_date_2024-08-23 00:00:00+00:00,0.9041617572676879
signup_date_2024-08-01 00:00:00+00:00,0.8990043722139336
signup_date_2024-09-01 00:00:00+00:00,0.8974497543217229
signup_date_2024-08-04 00:00:00+00:00,0.8963945302160826
signup_date_2024-03-16 00:00:00+00:00,0.8961434431211054
signup_date_2024-06-19 00:00:00+00:00,0.8957057643334094
signup_date_2024-04-05 00:00:00+00:00,0.8950098575704393
signup_date_2025-05-02 00:00:00+00:00,-0.8947265285615552
signup_date_2024-06-18 00:00:00+00:00,0.8930853500889928
signup_date_2024-09-22 00:00:00+00:00,0.8929479573387645
signup_date_2024-06-04 00:00:00+00:00,0.8858678823370673
signup_date_2024-10-20 00:00:00+00:00,0.8851570193269274
signup_date_2024-09-19 00:00:00+00:00,0.8843988652213869
signup_date_2025-03-29 00:00:00+00:00,-0.8841948373416182
signup_date_2024-08-15 00:00:00+00:00,0.883345512024244
signup_date_2024-07-18 00:00:00+00:00,0.8824925372789317
signup_date_2024-06-17 00:00:00+00:00,0.8814263305797173
signup_date_2025-03-27 00:00:00+00:00,-0.8809118594192413
signup_date_2024-07-25 00:00:00+00:00,0.8800412717266575
signup_date_2025-01-07 00:00:00+00:00,-0.8788486850109691
signup_date_2024-07-20 00:00:00+00:00,0.873797520273113
signup_date_2024-05-11 00:00:00+00:00,0.8726896709610876
signup_date_2024-06-16 00:00:00+00:00,0.8721859329105746
signup_date_2024-12-08 00:00:00+00:00,-0.8717909456299958
signup_date_2024-04-30 00:00:00+00:00,0.8699257009256242
signup_date_2024-10-31 00:00:00+00:00,0.8681981877327636
signup_date_2025-08-01 00:00:00+00:00,-0.864318715635027
signup_date_2025-06-04 00:00:00+00:00,-0.8571322527561152
signup_date_2024-08-30 00:00:00+00:00,0.8552283918744641
signup_date_2024-09-04 00:00:00+00:00,0.8527728336727614
signup_date_2024-11-07 00:00:00+00:00,0.8524627327171027
signup_date_2024-10-26 00:00:00+00:00,0.8509283839720289
signup_date_2024-06-24 00:00:00+00:00,0.850502175174878
signup_date_2025-02-02 00:00:00+00:00,-0.8477189277084526
signup_date_2025-06-03 00:00:00+00:00,-0.8472179798724608
signup_date_2024-11-12 00:00:00+00:00,0.8458690032475774
signup_date_2024-11-11 00:00:00+00:00,0.8421444525495567
signup_date_2025-08-06 00:00:00+00:00,-0.8375771326286956
signup_date_2025-07-28 00:00:00+00:00,-0.8374183927540053
signup_date_2024-06-22 00:00:00+00:00,0.836691011657318
signup_date_2024-10-12 00:00:00+00:00,0.8359945552568345
signup_date_2024-08-22 00:00:00+00:00,0.834488854805731
signup_date_2025-04-27 00:00:00+00:00,-0.8326552128280709
signup_date_2025-08-03 00:00:00+00:00,-0.8320117406639969
signup_date_2024-07-21 00:00:00+00:00,0.8270320693947109
signup_date_2024-09-23 00:00:00+00:00,0.8255960901704732
signup_date_2024-10-23 00:00:00+00:00,0.8222483940198392
signup_date_2024-08-11 00:00:00+00:00,0.8209787979420351
signup_date_2025-09-03 00:00:00+00:00,-0.8194043921520541
signup_date_2024-08-02 00:00:00+00:00,0.8092083192595748
signup_date_2024-12-03 00:00:00+00:00,0.8075301707783517
signup_date_2025-03-05 00:00:00+00:00,-0.8062802036564698
signup_date_2025-08-12 00:00:00+00:00,-0.8045601438326697
signup_date_2024-05-23 00:00:00+00:00,0.8039097732986769
signup_date_2025-03-03 00:00:00+00:00,-0.8029520673856005
signup_date_2024-08-25 00:00:00+00:00,0.7986318191908325
signup_date_2025-03-25 00:00:00+00:00,-0.7982851160883734
signup_date_2024-07-12 00:00:00+00:00,0.796895836674217
signup_date_2024-07-11 00:00:00+00:00,0.796049700654016
signup_date_2024-09-18 00:00:00+00:00,0.7937995944729118
signup_date_2025-09-17 00:00:00+00:00,-0.7919930662974495
signup_date_2024-09-25 00:00:00+00:00,0.7891148897171237
signup_date_2024-12-28 00:00:00+00:00,-0.7828702127872915
signup_date_2024-06-05 00:00:00+00:00,0.7815117823780875
signup_date_2025-04-04 00:00:00+00:00,-0.7784797258314515
signup_date_2024-12-16 00:00:00+00:00,-0.7781908914167135
signup_date_2024-09-21 00:00:00+00:00,0.7780431928194274
signup_date_2024-11-13 00:00:00+00:00,0.7734754591089521
signup_date_2024-11-04 00:00:00+00:00,0.772042463426301
signup_date_2025-01-31 00:00:00+00:00,-0.7696674344900276
signup_date_2024-09-07 00:00:00+00:00,0.7690869777468271
signup_date_2024-07-27 00:00:00+00:00,0.7674299670546073
signup_date_2024-12-19 00:00:00+00:00,-0.7668594288079057
signup_date_2025-06-06 00:00:00+00:00,-0.7655118167179391
signup_date_2024-12-22 00:00:00+00:00,-0.7637222082659623
signup_date_2024-10-19 00:00:00+00:00,0.7570436439328269
signup_date_2025-08-08 00:00:00+00:00,-0.7515008631087426
signup_date_2024-06-26 00:00:00+00:00,0.7512105250262292
signup_date_2025-05-09 00:00:00+00:00,-0.7501508994719791
signup_date_2025-09-09 00:00:00+00:00,-0.7491895499402547
signup_date_2024-06-10 00:00:00+00:00,0.7485931446886526
signup_date_2025-04-12 00:00:00+00:00,-0.744029864422368
signup_date_2024-10-13 00:00:00+00:00,0.7433996176703799
signup_date_2024-05-25 00:00:00+00:00,0.7371237408125227
signup_date_2025-04-18 00:00:00+00:00,-0.7363282566948443
signup_date_2024-07-09 00:00:00+00:00,0.7283513683544995
signup_date_2025-08-26 00:00:00+00:00,-0.7272564401267886
signup_date_2024-11-01 00:00:00+00:00,0.7262799447895102
signup_date_2024-09-13 00:00:00+00:00,0.7232683297085949
signup_date_2024-08-10 00:00:00+00:00,0.7219017998033901
signup_date_2024-07-30 00:00:00+00:00,0.7217230712579578
signup_date_2024-08-20 00:00:00+00:00,0.7198551863605983
signup_date_2024-07-13 00:00:00+00:00,0.7188159719637871
signup_date_2024-09-20 00:00:00+00:00,0.7175616874150225
signup_date_2024-11-16 00:00:00+00:00,0.7175229708283986
signup_date_2025-05-23 00:00:00+00:00,-0.71375411460344
signup_date_2024-06-02 00:00:00+00:00,0.7107568263472558
signup_date_2024-10-10 00:00:00+00:00,0.7093414553819971
signup_date_2024-10-29 00:00:00+00:00,0.7061251614449349
signup_date_2024-09-09 00:00:00+00:00,0.7042680703507999
signup_date_2024-11-08 00:00:00+00:00,0.7037511922995147
signup_date_2024-10-11 00:00:00+00:00,0.7010474093085771
signup_date_2024-07-29 00:00:00+00:00,0.6992898928960051
signup_date_2024-10-02 00:00:00+00:00,0.6988697875585584
signup_date_2024-11-14 00:00:00+00:00,0.6915061946795042
signup_date_2024-11-09 00:00:00+00:00,0.6910935937583698
signup_date_2024-09-28 00:00:00+00:00,0.6887346826301007
signup_date_2024-09-26 00:00:00+00:00,0.6862167170206448
signup_date_2024-11-21 00:00:00+00:00,0.6730522970413969
signup_date_2024-08-29 00:00:00+00:00,0.6689243901155546
signup_date_2024-09-03 00:00:00+00:00,0.6680021117937067
signup_date_2024-11-05 00:00:00+00:00,0.667669982179847
signup_date_2025-07-23 00:00:00+00:00,-0.6648771760877948
signup_date_2024-10-18 00:00:00+00:00,0.6637164987071178
signup_date_2024-11-15 00:00:00+00:00,0.6635407388230108
signup_date_2024-10-07 00:00:00+00:00,0.6568855352616267
signup_date_2024-08-31 00:00:00+00:00,0.65325425886898
signup_date_2025-02-14 00:00:00+00:00,-0.6488201811491275
signup_date_2024-09-05 00:00:00+00:00,0.6472074510264927
signup_date_2024-11-19 00:00:00+00:00,0.6451955075802493
signup_date_2024-07-04 00:00:00+00:00,0.6420146360509816
signup_date_2024-11-17 00:00:00+00:00,0.6395601299050575
signup_date_2024-08-13 00:00:00+00:00,0.6277203824769059
signup_date_2024-09-29 00:00:00+00:00,0.6197210851145413
signup_date_2024-08-03 00:00:00+00:00,0.6177316069598845
signup_date_2024-10-21 00:00:00+00:00,0.6168557697863578
signup_date_2024-04-15 00:00:00+00:00,0.6146413839774831
signup_date_2024-08-27 00:00:00+00:00,0.610610644190415
signup_date_2024-07-02 00:00:00+00:00,0.6104120752087081
signup_date_2024-06-30 00:00:00+00:00,0.6075728411302822
signup_date_2025-02-06 00:00:00+00:00,-0.6030567753628431
signup_date_2024-07-10 00:00:00+00:00,0.6028251591591464
signup_date_2025-02-10 00:00:00+00:00,-0.592052204124464
signup_date_2024-11-22 00:00:00+00:00,0.5838922027214059
signup_date_2024-12-02 00:00:00+00:00,0.5827296447754448
signup_date_2024-10-30 00:00:00+00:00,0.5825047741751878
signup_date_2024-08-21 00:00:00+00:00,0.5823505090815262
signup_date_2024-08-06 00:00:00+00:00,0.5785327534552513
signup_date_2024-10-22 00:00:00+00:00,0.5720344240756696
signup_date_2024-12-15 00:00:00+00:00,0.5716860268610675
signup_date_2024-10-14 00:00:00+00:00,0.5680726974326438
signup_date_2024-10-01 00:00:00+00:00,0.5654620093768088
signup_date_2024-10-09 00:00:00+00:00,0.5591642970825105
signup_date_2024-12-01 00:00:00+00:00,0.5566265030398556
signup_date_2025-01-19 00:00:00+00:00,-0.5417375026162998
signup_date_2025-03-07 00:00:00+00:00,-0.5406840965446499
signup_date_2024-09-17 00:00:00+00:00,0.5390398137591413
signup_date_2024-11-06 00:00:00+00:00,0.535307454050577
signup_date_2024-11-03 00:00:00+00:00,0.5335079901151105
signup_date_2024-10-25 00:00:00+00:00,0.5258837907698691
signup_date_2024-09-27 00:00:00+00:00,0.5255265490936398
signup_date_2024-10-28 00:00:00+00:00,0.5202934212277397
signup_date_2024-10-03 00:00:00+00:00,0.5180760585276472
app_version_1.9.1,0.5175747098898945
signup_date_2024-12-12 00:00:00+00:00,-0.5142794093836601
signup_date_2024-07-19 00:00:00+00:00,0.5121134275819579
app_version_1.8.2,0.48506663066807515
signup_date_2025-03-02 00:00:00+00:00,0.4818559394197374
signup_date_2024-12-24 00:00:00+00:00,0.4729514123027136
signup_date_2025-05-14 00:00:00+00:00,0.4719339914532067
signup_date_2024-10-08 00:00:00+00:00,0.46290674874452975
signup_date_2025-02-12 00:00:00+00:00,0.44268234797319006
signup_date_2024-11-02 00:00:00+00:00,0.4387615982828293
signup_date_2024-11-10 00:00:00+00:00,0.4318250417946238
signup_date_2024-09-11 00:00:00+00:00,0.4279130423496184
signup_date_2024-12-30 00:00:00+00:00,-0.40554210723809014
signup_date_2025-01-27 00:00:00+00:00,0.3952468418719631
signup_date_2024-10-17 00:00:00+00:00,0.380941360828566
language_pt,-0.37866659715267414
signup_date_2024-11-28 00:00:00+00:00,0.3762063967558104
signup_date_2024-11-27 00:00:00+00:00,0.3760028239671735
signup_date_2024-10-15 00:00:00+00:00,0.3745021744816042
app_version_1.9.0,0.3709314673548915
signup_date_2024-11-24 00:00:00+00:00,0.369985567434435
signup_date_2025-01-05 00:00:00+00:00,0.3685722711760187
signup_date_2025-02-09 00:00:00+00:00,0.3614452258024861
country_Spain,0.35968926187295175
signup_date_2024-12-10 00:00:00+00:00,0.3592098556662813
app_version_1.11.1,0.35838853603613846
signup_date_2024-09-02 00:00:00+00:00,0.3564255283791287
signup_date_2024-12-04 00:00:00+00:00,0.3502373294389946
app_version_1.12.3,-0.34860471945273225
signup_date_2024-08-17 00:00:00+00:00,0.3383192874840586
app_version_1.13.1,0.33785998727453476
signup_date_2025-03-10 00:00:00+00:00,-0.3371986083233775
app_version_1.11.3,-0.3257961494072182
signup_date_2024-11-25 00:00:00+00:00,0.3242673808527832
app_version_1.10.1,-0.32319123443800396
signup_date_2024-11-29 00:00:00+00:00,0.31486523576044156
recency_days,0.3020172157433959
app_version_1.14.3,0.29128595352094705
app_version_1.10.4,0.2821411250706042
signup_date_2024-08-24 00:00:00+00:00,0.2730601372847944
app_version_1.13.4,0.2726268670951998
app_version_1.12.4,0.26699451585008016
signup_date_2024-11-23 00:00:00+00:00,0.25984294004188346
signup_date_2025-04-03 00:00:00+00:00,0.25780644548329246
country_Venezuela,0.24608035192473632
signup_date_2024-10-27 00:00:00+00:00,0.24463793988261096
signup_date_2025-05-17 00:00:00+00:00,0.23316190339642873
app_version_1.13.2,-0.2310310150341902
signup_date_2025-03-13 00:00:00+00:00,0.22079320242875702
language_es,-0.21741712321233078
signup_date_2025-01-30 00:00:00+00:00,0.21395248031081818
app_version_1.13.0,-0.2100269904117824
signup_date_2024-12-13 00:00:00+00:00,0.20602770677400586
signup_date_2025-02-18 00:00:00+00:00,0.1975537317675441
signup_date_2024-11-26 00:00:00+00:00,0.19636738420917424
signup_date_2025-02-07 00:00:00+00:00,0.19521320002081902
signup_date_2025-03-17 00:00:00+00:00,0.19491188318037977
signup_date_2024-11-20 00:00:00+00:00,0.19343568718434398
country_Mexico,0.19054253027114784
signup_date_2024-06-03 00:00:00+00:00,0.1899231215084288
signup_date_2024-12-25 00:00:00+00:00,0.18679523594921316
app_version_1.13.3,0.1866630282017538
signup_date_2024-11-18 00:00:00+00:00,0.18565239292383026
app_version_1.14.1,-0.18564684220644748
country_Peru,-0.18556153978294804
app_version_1.8.0,0.1847823892012677
signup_date_2025-02-04 00:00:00+00:00,0.17628568686645577
signup_date_2024-11-30 00:00:00+00:00,0.17376201092621243
app_version_1.14.4,-0.17295695358086055
signup_date_2025-05-31 00:00:00+00:00,0.17155650882190027
signup_date_2024-07-28 00:00:00+00:00,0.17047163312132474
country_Chile,-0.15352150008156026
acquisition_channel_meta_ads,0.14759774551323263
app_version_1.14.0,-0.14728527581606402
signup_date_2024-12-29 00:00:00+00:00,0.14313332761442615
app_version_1.8.1,-0.1379664231420583
app_version_1.11.0,0.13663794566297777
signup_date_2024-09-14 00:00:00+00:00,0.13642926637349903
gender_M,-0.12189235380566957
country_Colombia,0.12072950494366504
country_United States,0.1183262527444885
app_version_1.12.2,0.11459587028436583
app_version_1.8.3,0.10732531887479316
subscription_type_premium,0.09358595133309575
app_version_1.11.4,0.08829339618923579
device_iOS,-0.08360316370730946
views,0.07920857113114331
app_version_1.11.2,0.07809840205680932
age,-0.07069378497985858
credits_spent,0.06082385503908349
acquisition_channel_tiktok,-0.05928970330266406
acquisition_channel_referral,-0.05823601604885667
likes,-0.057795236756277096
app_version_1.8.4,0.05628079366554173
gender_Other,-0.055612108709650186
unique_event_types,0.05444699974803545
app_version_1.12.1,-0.05422974510549396
acquisition_channel_organic,-0.05386097929656163
subscription_type_none,0.0497047243400158
event_count,-0.049389666641236625
top_show_id_9eff2f7e-04d1-48ba-a1bc-c2f6cc48d5fc,-0.04424774830384415
top_show_title_La Bandida que me Amó,-0.04424774830384415
top_show_genre_Comedia,-0.04424774830384415
top_show_launch_date_2025-01-20,-0.04424774830384415
avg_watch_time_sec,0.04062787869812855
top_show_id_bf2189f7-c685-43bd-86d2-2112d093d224,-0.03766043602892548
top_show_title_Pasión a Domicilio,-0.03766043602892548
acquisition_channel_instagram,-0.03686699984655855
top_show_launch_date_2025-07-10,0.03412851908463087
top_show_title_Corazones en Llamas,0.034128519084630764
top_show_id_6c110fa9-2275-49c5-b0da-a635dcc5c65a,0.034128519084630764
top_show_launch_date_2025-03-10,0.03315958689418451
top_show_title_La Fugitiva,0.03315958689418451
top_show_id_79672f1a-d85e-4721-9ecf-1265b87e9bb4,0.03315958689418451
app_version_1.14.2,0.029033129711912214
top_show_id_6a8c74e5-e7ea-40e1-a506-40f9155fba35,0.027441181277399668
top_show_launch_date_2025-04-02,0.027441181277399668
top_show_title_Código Peligro,0.027441181277399668
app_version_1.12.0,-0.02620961161514
sessions_7d,0.024626986974339692
app_version_1.10.3,0.023438234519109334
top_show_genre_Drama,0.02292730078923424
top_show_launch_date_2024-12-12,0.02219282244226176
top_show_genre_Misterio,0.02219282244226176
top_show_title_Huellas del Pasado,0.02219282244226176
top_show_id_a5307ab1-aa69-41f3-ad44-6d94b939f176,0.02219282244226176
os_version,-0.02146599235459703
app_version_1.9.3,-0.020420403466897843
top_show_id_98eff27c-e737-46ec-9722-8cc78c7b5b0d,0.018094306698640098
top_show_launch_date_2025-05-15,0.018094306698640098
top_show_title_Dulce Vida,0.018094306698640098
top_show_launch_date_2024-11-05,0.015115595566790853
app_version_1.9.2,-0.015092832439264278
app_version_1.10.2,-0.014712489365711803
top_show_genre_Romance,0.014562389754349307
app_version_1.9.4,-0.01424468933051664
top_show_episode_count,-0.01191117597924665
episodes_completed,-0.011061592856581842
top_show_launch_date_2025-02-14,0.007811705222442936
top_show_title_Destino Cruzado,0.007811705222442936
top_show_id_f4002254-6a02-4e6d-964e-35ce7f8b81c6,0.007811705222442936
top_show_id_47b511a2-d290-4866-a496-bc76a4d7f721,-0.005447830949966285
top_show_launch_date_2025-06-30,-0.005447830949966285
top_show_genre_Thriller,-0.005447830949966285
top_show_title_Sombra de Venganza,-0.005447830949966285
credits_purchased,-0.0024510288010894136
signup_date_2025-06-21 00:00:00+00:00,0.0
signup_date_2024-12-07 00:00:00+00:00,0.0
signup_date_2025-09-01 00:00:00+00:00,0.0
signup_date_2025-06-07 00:00:00+00:00,0.0
signup_date_2025-06-18 00:00:00+00:00,0.0
signup_date_2025-05-18 00:00:00+00:00,0.0
signup_date_2025-06-22 00:00:00+00:00,0.0
signup_date_2025-08-21 00:00:00+00:00,0.0
signup_date_2025-08-19 00:00:00+00:00,0.0
signup_date_2025-04-01 00:00:00+00:00,0.0
signup_date_2025-07-20 00:00:00+00:00,0.0
signup_date_2025-06-23 00:00:00+00:00,0.0
signup_date_2025-06-27 00:00:00+00:00,0.0
signup_date_2025-07-01 00:00:00+00:00,0.0
signup_date_2025-06-05 00:00:00+00:00,0.0
signup_date_2024-12-23 00:00:00+00:00,0.0
signup_date_2025-04-13 00:00:00+00:00,0.0
